Signature,Tags,A[C>A]A,A[C>A]C,A[C>A]G,A[C>A]T,C[C>A]A,C[C>A]C,C[C>A]G,C[C>A]T,G[C>A]A,G[C>A]C,G[C>A]G,G[C>A]T,T[C>A]A,T[C>A]C,T[C>A]G,T[C>A]T,A[C>G]A,A[C>G]C,A[C>G]G,A[C>G]T,C[C>G]A,C[C>G]C,C[C>G]G,C[C>G]T,G[C>G]A,G[C>G]C,G[C>G]G,G[C>G]T,T[C>G]A,T[C>G]C,T[C>G]G,T[C>G]T,A[C>T]A,A[C>T]C,A[C>T]G,A[C>T]T,C[C>T]A,C[C>T]C,C[C>T]G,C[C>T]T,G[C>T]A,G[C>T]C,G[C>T]G,G[C>T]T,T[C>T]A,T[C>T]C,T[C>T]G,T[C>T]T,A[T>A]A,A[T>A]C,A[T>A]G,A[T>A]T,C[T>A]A,C[T>A]C,C[T>A]G,C[T>A]T,G[T>A]A,G[T>A]C,G[T>A]G,G[T>A]T,T[T>A]A,T[T>A]C,T[T>A]G,T[T>A]T,A[T>C]A,A[T>C]C,A[T>C]G,A[T>C]T,C[T>C]A,C[T>C]C,C[T>C]G,C[T>C]T,G[T>C]A,G[T>C]C,G[T>C]G,G[T>C]T,T[T>C]A,T[T>C]C,T[T>C]G,T[T>C]T,A[T>G]A,A[T>G]C,A[T>G]G,A[T>G]T,C[T>G]A,C[T>G]C,C[T>G]G,C[T>G]T,G[T>G]A,G[T>G]C,G[T>G]G,G[T>G]T,T[T>G]A,T[T>G]C,T[T>G]G,T[T>G]T
SBS1,Deamination,0.014711274,0.011018554,0.001907816,0.007444505,0.007462213,0.00440504,0.001363318,0.00504014,0.011745535,0.00479886,0.002031917,0.006729762,0.009555486,0.008103645,0.002223949,0.015454996,0.004186522,0.002807769,0.000983987,0.003674523,0.001433574,0.00180468,0.001122682,0.002624437,0.00145994,0.001993074,0.000427277,0.001684176,0.001855399,0.002373099,0.000801594,0.005563889,0.023592482,0.012388439,0.163855206,0.014481841,0.015252823,0.01307144,0.086522285,0.015940967,0.014904817,0.015703658,0.111298673,0.015784435,0.011098138,0.016757732,0.064565717,0.015842473,0.006453538,0.006563606,0.005789625,0.013172511,0.001603154,0.00258452,0.002134137,0.003403783,0.001665346,0.002176573,0.002365862,0.002799425,0.012498048,0.002570001,0.001664012,0.008933402,0.015331894,0.006223093,0.009414022,0.015700507,0.004372166,0.004732235,0.005283542,0.004921796,0.007523983,0.006365156,0.006298447,0.009352722,0.006716455,0.007604848,0.005179485,0.012164592,0.002646914,0.001252695,0.002204734,0.002826409,0.001256424,0.001605541,0.002180659,0.002016537,0.000989148,0.000864739,0.002341071,0.002139082,0.002154776,0.001756098,0.002926534,0.007421397
SBS2,"Deamination,APOBEC,RSB",0.005658994,0.0042979,0.001121738,0.003517915,0.004711546,0.003044494,0.001006846,0.003818932,0.004183038,0.002747946,0.000993451,0.002348153,0.014810344,0.00813717,0.001390165,0.013957097,0.001619086,0.000981642,0.000543189,0.001038682,0.001121884,0.001500786,0.000790648,0.001897442,0.000756259,0.001202541,0.000256688,0.000818727,0.028605805,0.005376098,0.000986412,0.035766873,0.014500472,0.005831291,0.01032609,0.009185687,0.020431781,0.010090163,0.009644445,0.01486117,0.009802818,0.006307414,0.00791915,0.008296201,0.311372426,0.074740657,0.035742967,0.185175858,0.003172366,0.002047334,0.002499344,0.00500186,0.001667195,0.002046955,0.002072351,0.00271552,0.001214364,0.000973714,0.001231586,0.001753973,0.003626205,0.001291413,0.001224745,0.00469746,0.006552726,0.002364917,0.004645375,0.005591428,0.00221919,0.002119478,0.002808786,0.001829712,0.003108803,0.001663903,0.002579763,0.002949665,0.002624226,0.00238653,0.002331918,0.005835424,0.001119256,0.000698567,0.0011769,0.001353728,0.000711048,0.000552078,0.000878531,0.001876834,0.000397956,0.000303092,0.001344365,0.000654523,0.001156843,0.000652711,0.001091129,0.00394713
SBS3,HR deficiency,0.011548333,0.008621767,0.001948063,0.010418953,0.011441997,0.011411544,0.001933203,0.01034314,0.006365298,0.006023665,0.00101939,0.005848405,0.009537504,0.010820416,0.000718739,0.009201859,0.024671177,0.012990656,0.005788747,0.026582783,0.016786917,0.013906127,0.004861769,0.025003801,0.011024026,0.011750317,0.002574162,0.018194614,0.037053358,0.028761418,0.003840626,0.066169308,0.01514253,0.00630579,0.007167538,0.011336556,0.011425183,0.004991129,0.005665598,0.012260256,0.010574389,0.00646665,0.007062133,0.008391405,0.008268355,0.010415234,0.002226427,0.011533117,0.004923404,0.002941495,0.00558617,0.005667167,0.005934415,0.006002888,0.007312196,0.010175094,0.003444982,0.003106721,0.004895239,0.006354512,0.008479277,0.004871111,0.003930803,0.01110667,0.023588459,0.011702775,0.015074617,0.025498143,0.011278098,0.014532608,0.010953851,0.013391457,0.011616288,0.009763825,0.00946554,0.014826857,0.01617559,0.015894209,0.007513271,0.017537284,0.008251433,0.00273258,0.007525339,0.005359165,0.005383485,0.005233766,0.009423375,0.003623735,0.004690239,0.002799643,0.007298543,0.006124686,0.011874205,0.005687091,0.009792826,0.014260502
SBS4,"Tobacco,TSB",0.051604179,0.027907693,0.013083999,0.033895304,0.061466562,0.053679778,0.013649422,0.049227781,0.031664653,0.027247684,0.010377042,0.021145089,0.037651697,0.042567205,0.007106386,0.03814888,0.012414749,0.004654653,0.002218822,0.006918863,0.009214221,0.007133983,0.002957371,0.007659747,0.007128318,0.005259839,0.002702202,0.00454215,0.005204662,0.007763882,0.001653939,0.004467407,0.016117585,0.006814277,0.002844223,0.008228937,0.018345552,0.010862149,0.003634798,0.018440119,0.010435982,0.006578618,0.002782173,0.007654057,0.009351531,0.010727303,0.001152926,0.012268116,0.008141485,0.002845804,0.009877535,0.003564279,0.009634746,0.006077894,0.017947831,0.006088654,0.007274193,0.002716499,0.009778638,0.00393351,0.007174788,0.003412045,0.007368527,0.005466897,0.01740508,0.002276123,0.014700881,0.006376217,0.009359441,0.001946101,0.008638256,0.003106699,0.009830543,0.001768258,0.006471903,0.004591992,0.009884469,0.001101548,0.006842254,0.003460693,0.001654612,0.000515183,0.001471765,0.001519288,0.001343962,0.001407765,0.002619954,0.001548073,0.000995928,0.000365727,0.001708755,0.000677165,0.001569658,0.000671591,0.002176477,0.002133801
SBS5,TSB,0.016981776,0.010668076,0.002746308,0.009102078,0.01115855,0.007385027,0.002373995,0.007318981,0.007258988,0.006511525,0.002262873,0.004586475,0.008525346,0.011096345,0.001890659,0.009213286,0.008227839,0.004933465,0.001537757,0.006447221,0.004285442,0.005349179,0.00111715,0.006665005,0.003289394,0.003950297,0.000927049,0.00399911,0.002152293,0.005859788,0.001272744,0.006184194,0.030748204,0.01736899,0.031592377,0.021485238,0.024359923,0.025863866,0.017566404,0.031515496,0.019300514,0.018600051,0.017566024,0.020406459,0.015663715,0.0234903,0.011250716,0.022062095,0.013251991,0.009411344,0.011539171,0.013002212,0.003840288,0.00617022,0.007196962,0.0051654,0.00349329,0.003539608,0.004703609,0.003319857,0.007649825,0.006139353,0.00487557,0.008904196,0.040377622,0.013293285,0.028043293,0.035614891,0.012145864,0.010342189,0.013846153,0.012935529,0.017135009,0.00945882,0.013689,0.020602245,0.018312283,0.011820566,0.011783247,0.022128343,0.004348797,0.002609244,0.005010626,0.005987043,0.002586322,0.003761588,0.004196334,0.00218549,0.001688797,0.001709469,0.003717212,0.001940636,0.003755027,0.004506003,0.004706064,0.009441525
SBS6,"MMR deficiency,RSB",0.000607152,0.001043988,0.000178729,0.002702209,0.006260939,0.013199199,0.001979329,0.035045083,0.000779122,0.003297007,0.000440491,0.007781819,0.000390055,0.002490396,0.000132425,0.008463494,0.001877986,0.000385638,7.06577E-05,0.000977157,4.0332E-05,0.000332222,0.00010901,0.000127638,0.0003301,0.001231185,0.000126263,0.000627906,0.000438468,0.000144739,4.749E-05,0.001271075,0.048139581,0.010071006,0.121202204,0.008874264,0.005648572,0.008568737,0.078435527,0.006963567,0.036977783,0.046704318,0.122595956,0.028845276,0.006133831,0.008419868,0.044317551,0.007690114,0.005659133,0.007398947,0.0001993,0.018483865,0.000505569,0.003339791,0.000701967,0.000864002,0.001296127,0.003786871,0.001933508,0.002186,0.007685737,0.001150055,0.000387133,0.010527921,0.018760407,0.00561469,0.012977763,0.004581218,0.011267094,0.006137848,0.015244083,0.010005083,0.025083491,0.01010466,0.014916231,0.013295819,0.017015944,0.013009927,0.010824906,0.030576617,0.000331296,0.000604878,0.00035193,0.001452216,0.000391576,0.002328276,0.002635775,0.003226441,0.000236618,0.000720159,0.001086631,0.004802234,0.000318491,0.000685141,0.002017966,0.010771202
SBS7a,"UV exposure,TSB",0.002572421,0.000572691,9.38245E-05,0.000940663,0.004346301,0.001748785,0.000513654,0.003581225,0.000871454,0.000156784,0.000177242,0.000315805,0.002152648,0.002971985,0.000187416,0.002439904,0.000497497,0.000533171,0.000310703,0.000816381,0.000298812,0.000477807,0.00042495,0.000855097,0.000159367,0.000269314,0.000142552,0.000299326,0.001179806,0.001418503,0.000199459,0.002512976,0.001098203,0.020659919,0.001644068,0.00871742,0.059786936,0.088645557,0.010688345,0.075854998,0.000702687,0.013298477,0.001285986,0.010792933,0.134381005,0.266726453,0.05128941,0.106433581,0.004667112,0.000729892,0.001540625,0.009444756,0.001074889,0.000868542,0.000711976,0.002861228,0.000864887,0.000285924,0.000672998,0.001412349,0.003006555,0.002201307,0.001211729,0.014197503,0.001883053,0.000509756,0.001321708,0.002161617,0.001959034,0.000732907,0.000594886,0.006521258,0.000505007,0.000329009,0.000559793,0.01103726,0.006248223,0.002328219,0.00266213,0.006049653,0.001409661,0.00054764,0.001854875,0.001125813,0.000330275,0.000547413,0.001342605,0.001324569,0.000418038,0.000263366,0.002274605,0.002273504,0.001685044,0.001488481,0.001452602,0.004461226
SBS8,"HR deficiency,TSB",0.034163888,0.032028032,0.003572352,0.03623408,0.028027252,0.029861179,0.002621828,0.028326453,0.012273255,0.015033814,0.001509989,0.015916552,0.013940268,0.01774066,0.001158676,0.017965514,0.011825744,0.005214924,0.001739593,0.010198341,0.007290595,0.007492098,0.001214433,0.009984948,0.004470789,0.003205593,0.000845611,0.006758947,0.001489917,0.007150772,0.000429876,0.007997136,0.025390771,0.010061975,0.013823282,0.023943873,0.010649584,0.008260709,0.004935897,0.022998575,0.009507226,0.007654258,0.005307922,0.013037561,0.008940454,0.010934108,0.003385426,0.015551946,0.012319946,0.011218236,0.015680466,0.019869193,0.013893041,0.020983605,0.018274965,0.031860329,0.008561114,0.007456893,0.010554521,0.020351789,0.01116509,0.012994715,0.009287532,0.032170671,0.010162724,0.008011946,0.008369186,0.015207501,0.004815611,0.012967477,0.00466574,0.008353002,0.003794888,0.003817549,0.004071973,0.005990294,0.003616351,0.00717763,0.002543866,0.007576413,0.002950788,0.001165505,0.007781223,0.002645543,0.001785576,0.00309437,0.007518595,0.00142093,0.002238959,0.001358329,0.007336984,0.002774703,0.001856892,0.002601351,0.007350945,0.006268375
SBS10d,"POLD deficiency,RSB",0.005154695,0.014886665,0.000926767,0.018880723,0.013119649,0.011052783,0.001994121,0.038568347,0.001492093,0.016022077,0.000274972,0.007829359,0.169332047,0.007544553,0.004972534,0.213857444,0.000104417,0.000130784,0.000423976,1.60E-08,9.20E-14,5.05E-11,1.20E-09,1.14E-07,0.000467267,0.003092778,2.37878E-05,0.001007751,0.001038623,1.82315E-05,0.00018196,0.00180977,0.001142766,0.003655092,0.005246198,0.002702417,0.000794904,0.003901254,0.002527331,0.007112876,0.001593297,0.006278077,0.002787709,0.005938234,0.004452287,0.004660593,0.004109052,0.006281613,0.002287045,0.005383765,0.001560301,0.032245118,0.003573771,0.003146327,0.003885434,0.003906659,0.005686363,0.008807643,0.002021914,0.008641809,0.015657544,0.002720352,0.006154917,0.008444322,0.012494683,0.007730627,0.013763473,0.012099225,0.008782651,0.005508846,0.010262934,0.012313225,0.004512758,0.00382405,0.00533549,0.005955837,0.012276137,0.013218821,0.010754681,0.021593137,0.010232755,0.001098191,0.002242443,0.010661412,0.009836339,0.001259252,0.008833552,0.005810969,0.001484767,0.001219209,0.001246419,0.002512543,0.026284193,0.002573425,0.003781182,0.038981486
SBS13,"Deamination,APOBEC,RSB",0.002794468,0.003028493,0.000604315,0.002197468,0.006408045,0.004885772,0.000784777,0.008799404,0.002024192,0.003634747,0.000157692,0.001885479,0.027087554,0.012752023,0.002910645,0.01734205,0.008462074,0.003504284,0.001398646,0.006696018,0.007647988,0.002887972,0.001102498,0.008320111,0.003787192,0.003129436,0.00023246,0.003586395,0.203332873,0.042218458,0.009477705,0.209639054,0.008548311,0.003188179,0.01188192,0.00586805,0.012048099,0.015441997,0.005649455,0.013627497,0.008838548,0.005188459,0.010568229,0.0043035,0.099467642,0.017675135,0.014483817,0.036323526,0.00087448,0.00143332,0.00126556,0.002227181,0.002980223,0.002552796,0.002743444,0.004372032,0.000719482,0.001206801,0.001277824,0.000930072,0.00376691,0.002795387,0.00099339,0.003882665,0.003805543,0.002289977,0.003791046,0.004313805,0.003262802,0.002541351,0.004928754,0.003866374,0.003657721,0.002958193,0.001489609,0.003942119,0.002281431,0.003243444,0.000959241,0.002082836,0.001564402,0.000655908,0.002289678,0.004971631,0.001258981,0.000615102,0.001701257,0.003256694,0.000776608,0.000891768,0.001259883,0.002184805,0.0010916,0.001713169,0.00167778,0.004832266
SBS17,,0.006567706,0.004384544,0.00092645,0.005064261,0.007301096,0.004054955,0.001100115,0.006368986,0.006867908,0.003416731,0.000627908,0.004883241,0.006530783,0.004419153,0.000723774,0.01129466,0.003309099,0.002015295,0.000740878,0.004852428,0.002145761,0.001850964,0.000614945,0.002835503,0.001476586,0.002388566,0.000369825,0.002556484,0.004772575,0.002972584,0.000628369,0.009164678,0.007923094,0.003776366,0.010495597,0.005195208,0.006657791,0.005185029,0.007429689,0.00657919,0.005103022,0.004362371,0.008450242,0.004483912,0.012411669,0.009029331,0.005464402,0.011927028,0.003319961,0.002737273,0.00214566,0.007578248,0.002857237,0.009336865,0.004912257,0.025160269,0.001514826,0.002759998,0.001860697,0.006081044,0.006954135,0.003406284,0.00199912,0.012356588,0.007845887,0.004684212,0.004875438,0.009135493,0.007438063,0.02602523,0.017721281,0.075379192,0.003770836,0.00739594,0.005431105,0.009415716,0.008144461,0.010260281,0.005318981,0.014777132,0.004097618,0.00360344,0.00265276,0.036047734,0.00403073,0.016727073,0.009119317,0.223158119,0.001337289,0.004348651,0.003390099,0.052969369,0.006995634,0.006456277,0.004823814,0.075941615
SBS18,BER deficiency,0.023433967,0.016081345,0.001614119,0.020250107,0.036046216,0.011657483,0.003470846,0.047841802,0.041309203,0.011480243,0.002261474,0.034300058,0.063741509,0.02772304,0.0049866,0.122293506,0.007525855,0.004797725,0.001235152,0.011027432,0.002526619,0.003200514,0.001251752,0.005993577,0.001608198,0.00536686,0.000487076,0.004321446,0.007899503,0.00780869,0.000829716,0.015667191,0.014388482,0.008725474,0.011057603,0.010887134,0.009344845,0.00798065,0.012099417,0.009671405,0.009450865,0.008159222,0.013629518,0.008394941,0.009053613,0.008855359,0.008638143,0.017624285,0.008515712,0.003489029,0.00273369,0.017350744,0.004308542,0.002957668,0.003719018,0.007159044,0.002015448,0.001987187,0.001595416,0.003330766,0.017828923,0.003268976,0.00282487,0.00933934,0.012652647,0.003852519,0.006659313,0.013257562,0.006431464,0.004592945,0.005883844,0.008641867,0.008521782,0.004868956,0.004062707,0.009770644,0.011609631,0.009322363,0.007134214,0.012222825,0.004498112,0.001868956,0.001861205,0.003530026,0.002876867,0.001146765,0.003781611,0.009316941,0.000839169,0.00050039,0.001438822,0.002862019,0.01171809,0.001465251,0.00268143,0.009704914
SBS23,,0.013328286,0.005688091,0.001095443,0.010944276,0.003796171,0.006286536,0.002565497,0.002491952,0.008861646,0.002750195,0.00213157,0.002445147,0.007183321,0.009786807,0.002318155,0.006959201,0.007104057,0.003711442,0.001014267,0.004346145,0.003106938,0.005551125,0.001354,0.001870955,0.002985101,0.002933361,0.001036365,0.002600388,0.005921344,0.004797436,0.002733119,0.007431664,0.024094813,0.026069187,0.02241107,0.022054095,0.04642407,0.075383872,0.016760712,0.092648245,0.037119303,0.063501922,0.022404861,0.076206229,0.016257972,0.029410095,0.011892983,0.020861207,0.008690424,0.006977578,0.006435979,0.01445322,0.002156841,0.006819093,0.004581061,0.004826014,0.003959258,0.000285991,0.003192825,0.004237067,0.001580047,0.003717174,0.004481188,0.012689818,0.007065991,0.007672586,0.011024094,0.019147706,0.00245825,0.008071319,0.003505083,0.005913402,0.004364608,0.003849394,0.004286092,0.009037927,0.007630607,0.005417655,0.004086509,0.007412721,0.001443364,0.002659524,0.003363931,0.010198628,0.001239002,0.001711529,0.001752289,0.001030709,0.002449117,0.002444987,0.003700538,0.004427522,0.003234701,0.001764049,0.001088719,0.00683323
SBS26,"MMR deficiency,RSB",0.003541317,0.002852174,0.000294422,0.004130375,0.005582862,0.008377597,0.002035307,0.021398116,0.001359503,0.002709988,0.000509498,0.004621599,0.002090818,0.001700416,0.000243758,0.008245608,0.002314727,0.000908313,0.000441909,0.002754523,0.000178546,0.000198557,0.000301822,0.000160726,0.000469515,0.00189558,0.000231191,0.001410574,0.002345064,0.000711339,0.000141054,0.004792308,0.013732855,0.005344585,0.005715917,0.004658597,0.002379028,0.005879252,0.005683005,0.006021836,0.010599153,0.02286407,0.030164236,0.014327082,0.00567024,0.005895854,0.001776335,0.008344827,0.011249833,0.006639575,0.001870419,0.026462885,0.001967089,0.004378522,0.002181317,0.001948512,0.003626504,0.003936372,0.003859481,0.003673244,0.011515448,0.002021308,0.001719422,0.012752753,0.05898344,0.01846205,0.044066187,0.021931398,0.035903324,0.019709413,0.04662079,0.031787623,0.06941587,0.020857349,0.042863171,0.04257056,0.048531733,0.029760776,0.02752262,0.054376748,0.002035851,0.002138614,0.001627659,0.004083866,0.001082098,0.005176007,0.006161314,0.003549697,0.000880368,0.001103192,0.001442195,0.005212851,0.000517977,0.001187619,0.002963284,0.009665691
SBS30,BER deficiency,0.003218839,0.00089427,0.000415321,0.001450364,0.003371991,0.002775686,0.000973939,0.004751643,0.005471109,0.001123304,1.42355E-05,0.00313675,0.005141166,0.001798134,0.000351693,0.006587149,0.00669013,0.003446406,0.000362338,0.00673661,0.005043812,0.005230939,0.001380555,0.005971735,0.001708514,0.002127253,0.00085025,0.003635056,0.006325933,0.00700459,0.00037546,0.011303601,0.090261423,0.06536006,0.004730116,0.013762229,0.087699306,0.074468164,0.006746881,0.026576781,0.047597611,0.051314195,0.002375251,0.010100858,0.101265398,0.100025521,0.009483538,0.040681151,0.00370227,0.00064947,0.000433537,0.001733822,0.001639897,0.002318095,0.003346788,0.003921431,0.000978733,0.000853174,0.000645944,0.000962662,0.004347891,0.001379185,0.001480532,0.003593107,0.005205371,0.001982524,0.000923383,0.001605136,0.008006181,0.008010807,0.006539549,0.005015256,0.003948749,0.002044631,0.003296011,0.002121267,0.010975844,0.005543572,0.003397217,0.004234506,0.005245447,0.000607835,0.001913328,0.007102472,0.001566163,0.001577772,0.001399224,0.004482774,0.001295385,0.00040619,0.002019033,0.001435174,0.007767215,0.001042833,0.003369897,0.011815456
SBS31,"Platinum,TSB",0.005981871,0.025738055,0.001447352,0.009809778,0.01734487,0.016086386,0.001848017,0.047653173,0.012785131,0.03067404,0.000897274,0.005658539,0.006785088,0.01188911,0.000691497,0.011534238,0.003185615,0.003264475,0.00180188,0.004512717,0.002426507,0.00274289,0.001482161,0.006037115,0.002432647,0.013165146,0.000723528,0.004996589,0.003978637,0.002900316,0.001070952,0.00883228,0.009538263,0.004932514,0.015379166,0.0061819,0.023837167,0.144952376,0.012266888,0.114074627,0.011833875,0.012489065,0.009761246,0.007365368,0.00530923,0.015715899,0.005620249,0.016784946,0.00636604,0.006730814,0.003714182,0.007138964,0.021125715,0.018926305,0.024365394,0.037682702,0.00173017,0.003074038,0.001985254,0.00160154,0.007556896,0.002642025,0.00336584,0.006277572,0.009249709,0.004039941,0.004794612,0.006768508,0.006868045,0.00905577,0.007848628,0.018916369,0.003992523,0.01055308,0.002412616,0.003869073,0.004750715,0.004771627,0.002861669,0.007287308,0.003643854,0.001615967,0.003791003,0.002882038,0.00225518,0.001842374,0.003549137,0.001741431,0.001581769,0.004018074,0.003219153,0.00270999,0.004171978,0.002521727,0.004198099,0.007513932
SBS33,TSB,0.007523663,0.004624282,0.000884429,0.006111252,0.008477205,0.006464704,0.001514912,0.004535093,0.008414274,0.005742729,0.000385823,0.006268291,0.013599155,0.009721157,0.001836527,0.015100581,0.003126302,0.002306591,0.000650634,0.003747023,0.002739342,0.003076941,0.001030273,0.0023438,0.00155901,0.002425817,0.000510896,0.002278482,0.007312614,0.004295347,0.001338445,0.010695731,0.005144725,0.005134931,0.034502963,0.008808105,0.007936067,0.009829896,0.024607027,0.00589616,0.004197576,0.007869141,0.027986694,0.005501164,0.016671047,0.006634438,0.012990958,0.010309567,0.005637494,0.003252334,0.003597796,0.008274642,0.00708084,0.004220004,0.005415343,0.007657856,0.002431997,0.002392867,0.002394671,0.004958264,0.006395423,0.003391752,0.002826149,0.007845385,0.005391149,0.0020233,0.051055231,0.00217603,0.010597856,0.024032297,0.031864604,0.005270679,0.00325466,0.003193201,0.13709941,0.003020005,0.005000314,0.005179442,0.235172025,0.004869937,0.001351223,0.001152062,0.003813813,0.001197932,0.005209147,0.004405223,0.003875578,0.003216848,0.001172987,0.001213896,0.010438488,0.002942148,0.000884805,0.00139342,0.00155122,0.004546466
SBS44,"MMR deficiency,RSB",0.00116176,0.001331914,5.81722E-05,0.003742299,0.009423146,0.019304362,0.003262668,0.052926,0.00132195,0.003540731,0.000515343,0.00908421,0.00097585,0.002510951,0.000123544,0.011052461,0.002392635,0.000620451,6.43343E-05,0.001993873,0.000173146,0.000209967,7.39322E-05,0.000126576,0.000601015,0.001426201,0.000130995,0.001016274,0.001046397,0.000268541,5.05941E-05,0.002487487,0.055093143,0.012420792,0.033885433,0.012908387,0.005366746,0.009581983,0.023635754,0.008871788,0.040663402,0.049712017,0.060284122,0.033914553,0.007651246,0.008715571,0.011305761,0.009766234,0.007650986,0.007305447,0.000648982,0.021154203,0.001173305,0.004150104,0.000994988,0.001326602,0.00181168,0.003952638,0.002447658,0.002761088,0.008779617,0.001820503,0.000993963,0.01478394,0.03057869,0.008877102,0.026952036,0.009522621,0.019079821,0.009095115,0.028488487,0.017514063,0.041478944,0.012814383,0.027485521,0.023337693,0.027581642,0.018185129,0.017858723,0.039427501,0.000500895,0.001049698,0.000678813,0.002301469,0.000603488,0.003512518,0.004208789,0.00438937,0.000357107,0.000872852,0.001098129,0.005959448,0.000466914,0.000641023,0.002729335,0.013802266
SBS57,TSB,0.028846969,0.011527462,0.003343998,0.006469587,0.008583043,0.007264253,0.002663173,0.004833914,0.005876851,0.004958827,0.001767595,0.003785437,0.00471686,0.006662396,0.001850045,0.007162403,0.00854275,0.002985193,0.003213448,0.001850188,0.002761054,0.003434389,0.002381212,0.003746659,0.002672436,0.00248851,0.001944734,0.002255822,0.004322283,0.003366277,0.001743019,0.013308618,0.027679562,0.004832859,0.009635148,0.007587035,0.006497213,0.010021135,0.01026784,0.016792208,0.007515026,0.010128619,0.011772907,0.010695481,0.003711697,0.009350986,0.006354818,0.032662808,0.025735153,0.005111406,0.004688958,0.01937775,0.002757723,0.012617382,0.003248614,0.00631198,0.001362179,0.001263649,0.004002477,0.003973143,0.03207904,0.002643725,0.004235255,0.089736122,0.023532095,0.005507809,0.00741951,0.009283614,0.004215721,0.004179502,0.004415953,0.02402144,0.003981275,0.002145949,0.008079769,0.005056331,0.005598104,0.020594522,0.004647731,0.164760484,0.003840303,0.001254951,0.001752694,0.004841576,0.000496178,0.002074815,0.001881991,0.001838031,0.002111654,0.001987859,0.004689002,0.009227338,0.002917006,0.001999933,0.010895215,0.07477234
SBS87,"Deamination,TSB,RSB",0.010895136,0.011439891,0.0069038,0.012727179,0.009121579,0.016195228,0.067008828,0.004288767,1.26976E-05,0.003459952,0.023859584,0.000570901,0.000809763,0.001580769,0.009091081,0.00021936,0.000189259,0.001754548,0.04504059,0.010109553,0.006320646,0.00129237,0.156265594,0.004414544,0.000134819,0.001892802,0.00892984,0.002789899,0.000339271,0.003044162,0.024676156,0.013364835,0.005086353,1.05863E-06,0.078979888,0.011760777,0.016279237,0.012461324,0.216918384,0.021216285,2.07E-08,1.52E-09,0.002283293,6.21E-09,0.000167522,0.002677649,0.025890695,0.005314004,0.00890407,0.001731695,0.007032144,0.005146262,0.006816091,0.004024049,0.005565163,0.007152198,0.004803739,0.002174051,0.003408022,0.005158832,4.34E-08,0.00570651,0.004812834,0.000217616,0.005501917,0.003622815,5.0439E-05,0.010729991,3.50E-11,0.000691978,1.65E-09,3.45087E-06,2.94E-09,8.12E-14,2.86E-16,1.68E-07,0.003241196,1.67E-12,2.41E-12,1.33E-10,0.005754761,0.000972193,0.003943577,0.000700341,0.002766974,0.001820333,0.003172773,0.003305387,0.000137653,0.001187609,0.003288071,5.59E-08,0.003441152,0.004307635,0.005319689,0.005606615
SBS90,Duocarmycin,0.001060482,0.000847537,0.00010716,0.000709632,0.014072988,0.000164399,8.24555E-05,0.014530896,0.010825547,0.005854148,0.000437149,0.008295476,0.011901311,0.000743017,0.000158115,0.002303988,0.000298723,0.000180856,0.000288328,0.000928154,0.000311497,0.002219923,9.95757E-05,0.000242921,0.001899353,0.000518185,9.4604E-05,0.000289789,0.00235108,0.000760867,0.00109005,0.003442704,0.000718544,0.000808947,0.001917486,0.000477532,0.002108059,0.000582562,0.008900229,0.004491084,0.006743687,0.005696399,0.003907341,0.003552077,0.005413618,0.000507387,0.005373561,0.010571995,0.041036356,0.00050094,0.001323562,0.028369875,0.082143739,0.001201272,0.000166083,0.052174961,0.063536205,0.001193106,6.03323E-05,0.026478213,0.196123086,0.000208346,0.000231511,0.126868917,0.010513962,0.005760936,0.000209247,0.005323697,0.011710918,0.002366389,0.000278484,0.006178619,0.009224574,0.001106444,5.9593E-05,0.002968991,0.015142892,0.000171403,8.66612E-05,0.013575955,0.004901651,1.04571E-05,6.72522E-05,0.005089543,0.0263298,0.004019015,0.000565166,0.023273097,0.013883982,0.000434432,0.00011217,0.006644078,0.031504829,0.000340774,0.003532366,0.024114699
SBS94,"Similar to tobacco,TSB",0.00536682,0.032486554,0.001060756,0.00428692,0.113120658,0.140720921,0.013975131,0.072292404,0.005749401,0.041561342,0.001496276,0.005141853,0.012367532,0.02823116,0.000819639,5.48686E-06,0.004760346,0.00335051,0.001010468,0.002176413,0.009361176,0.02061208,0.001944616,0.007365599,0.001390488,0.008686317,0.000509848,0.000950765,0.00197543,0.004992298,0.000737908,0.008351589,0.00875026,0.020340389,0.006672306,0.022140277,0.009028252,0.018292347,0.006560373,0.032267884,0.002720134,0.021318001,0.005425831,0.012848999,0.000597029,0.016935985,0.005101487,0.010798995,0.012200844,0.001655193,0.002600224,0.011272102,0.010103432,0.005325189,0.004149928,0.008730594,0.006462891,0.000450596,0.001604014,0.006147494,0.006553962,0.001188547,0.004326726,0.013770171,0.010345096,0.003875962,0.005667289,0.016479759,0.004082877,0.013782411,0.006446587,0.014714489,0.004708885,0.001190725,0.001459362,0.012406527,0.003808534,0.00121113,0.003385365,0.011053364,0.002428682,0.001153943,0.001783249,0.00168986,0.001249685,0.00230561,0.002197476,0.003337456,0.000721761,2.95979E-06,0.002706057,0.001111979,0.002392918,0.002486228,0.001114107,0.005500511
SBS96,,0.002958495,0.001408693,0.000333432,0.001559817,0.002269389,0.00192043,0.00047523,0.003996281,0.001122004,0.000553668,0.000221309,0.001239585,0.00111003,0.000969107,0.000209464,0.001305103,0.00086052,0.000460797,0.000283581,0.000705861,0.000427952,0.000516929,0.000274704,0.000829897,0.000302342,0.000305289,0.00018772,0.000488319,0.000553014,0.000541828,0.000202008,0.000953427,0.023567463,0.002568749,0.324679095,0.003285169,0.012295523,0.002520915,0.191613621,0.003519428,0.009835257,0.002718046,0.170419342,0.002658545,0.006777981,0.002140364,0.129223485,0.003091818,0.001873232,0.001302878,0.001033811,0.002137358,0.000465396,0.001216596,0.000730817,0.000948497,0.000544498,0.000432655,0.000466734,0.000515981,0.002276925,0.000669407,0.000466141,0.003954957,0.00661767,0.001486775,0.004479853,0.003516986,0.001214888,0.001048658,0.001731624,0.001390073,0.010207844,0.001083821,0.003959193,0.004950886,0.002018102,0.001615515,0.000801732,0.003231709,0.000724735,0.000324854,0.000518968,0.000644605,0.000245298,0.000582274,0.000785307,0.000348802,0.000270257,0.000279897,0.000290486,0.001006833,0.000848352,0.000538716,0.000813543,0.002924832
SBS97,"MMR deficiency,RSB",0.001769317,0.002596255,0.000423065,0.002542852,0.003986338,0.004946302,0.000977733,0.012035176,0.001636172,0.004549159,0.000835592,0.013512355,0.002047498,0.0014025,0.000142586,0.008569956,0.002703058,0.002408441,0.000160932,0.00673149,0.001654997,0.001818064,0.000307225,0.002632031,0.001465933,0.006335238,0.000226409,0.002890576,0.005284038,0.002677921,0.000271495,0.009596241,0.011579422,0.002969562,0.0075253,0.002646292,0.002687407,0.004374043,0.005567707,0.00438257,0.016645396,0.050864426,0.12700692,0.035415606,0.004509056,0.002776817,0.005487727,0.006333023,0.004694552,0.008227643,0.001380229,0.012284771,0.00117379,0.003810332,0.00122774,0.001949378,0.001717436,0.004048928,0.001745558,0.001648951,0.008778776,0.002189654,0.001907711,0.006125622,0.026207002,0.018161921,0.018803259,0.014075355,0.010746299,0.01279036,0.013634081,0.01004078,0.041915233,0.088456563,0.027761563,0.025318434,0.012658413,0.046657141,0.008693892,0.023494864,0.002419155,0.002423621,0.002165129,0.006085215,0.002381111,0.005414237,0.008169876,0.004777159,0.00276349,0.009512602,0.010037905,0.055455975,0.002762415,0.002245946,0.00405683,0.017094887
SBS105,"Deamination,TSB",0.007972242,0.006631562,0.035815786,0.003705907,2.05E-08,0.002156472,0.076476618,0.000633906,2.59E-07,0.00298896,0.022787498,0.002943363,0.002485458,0.004874504,0.031976612,0.002182777,0.002321193,0.000894301,0.104169362,7.14E-16,0.006596096,0.007713067,0.082204612,0.003869706,0.00391611,0.002724818,0.027004372,0.001625645,0.004471512,0.005836409,0.067563306,0.000196064,2.67E-09,5.23E-12,0.028360921,5.54E-16,3.45973E-05,0.00045239,0.079459216,9.68E-12,4.28E-13,2.12E-19,0.018803554,1.20E-17,0.002427485,6.41E-08,0.025348707,9.10846E-05,0.001899162,0.001484481,0.004586304,0.000661733,0.002668276,0.002086019,0.006089179,0.002250554,0.000969504,0.001684725,0.003580174,0.003845418,0.001330898,0.004368806,0.005369135,0.004660817,0.014429436,0.00580737,0.015365723,0.012899086,0.015007157,5.47561E-05,0.017117256,0.002182391,0.001547294,4.66E-18,0.003113227,0.001290847,0.021184792,0.00149881,0.009898243,0.008179418,0.008921376,0.002797154,0.013895102,0.002509603,0.01088425,0.006739376,0.017768507,0.000160991,0.00467816,0.002002907,0.008817824,0.001559361,0.019141694,0.00907999,0.018296685,0.015919488
SBS106,TSB,0.046854159,0.009129381,0.002395198,9.4052E-05,0.156171808,0.007233442,0.003929646,0.008485286,0.06779324,0.009946914,0.001083834,0.015519679,0.02000138,0.002746122,0.000375133,6.82E-07,0.009796229,0.007863028,0.000652388,0.009952203,0.001101724,0.001790544,0.002157854,0.003850853,0.007015336,0.026394152,0.001290959,0.006960819,0.006321076,0.006007675,2.34E-16,0.022654813,0.006239294,0.00651443,0.023773627,0.003364362,0.011729889,1.41E-08,0.002339296,0.010999433,0.016533758,0.013932814,0.005202182,0.011456954,0.011976476,0.051656451,0.00254539,0.043810383,0.008021304,0.007156801,0.003985449,0.009085042,0.007428737,0.008849104,0.006322571,0.01404539,0.003039218,0.002958201,0.002131024,0.005494333,0.006254126,0.006031895,0.005202318,0.003747615,0.017851921,0.00698574,0.00649649,0.01220358,0.005597884,0.004469816,0.003652581,0.004624947,0.009369021,0.014811508,0.00452817,0.012321151,0.011244416,0.011747211,0.003276748,0.012058817,0.014507279,0.000669901,0.003876148,0.003506165,0.002604764,0.000965174,0.002071634,0.002340548,0.001841685,0.001752313,0.002256665,0.002154955,0.018465241,0.005020805,0.004261647,0.005067584
SBS114,,0.023780903,0.01108209,0.003650204,0.012673445,2.04E-11,0.012835448,0.005020563,0.01009084,0.006969123,0.005832378,1.34E-09,0.002526702,0.007359409,0.006040243,0.001266806,0.011682937,0.013710286,0.006683626,0.002469513,0.006653023,0.004660513,0.006397496,0.005182765,0.00803345,0.005821856,0.00533584,9.82E-153,0.011158613,0.003912693,0.007978968,0.001363678,0.002062307,0.021412182,0.013744072,0.045923017,0.020218858,0.005965469,0.013659546,0.014878594,0.013007842,0.015219616,0.006170529,0.018283042,0.011795631,0.000454321,0.005435481,1.12996E-06,0.032255965,0.013626919,0.002258484,0.01080735,0.013847248,0.005069383,0.004667602,0.004536036,0.004707276,0.001626911,0.004383035,0.001478582,0.004415183,0.012952491,0.006365173,0.003453101,0.008853638,0.026752032,0.006461162,0.009536845,0.021158268,0.002081988,0.006508939,0.003591109,0.009774722,0.007007844,3.04E-10,0.003653505,1.48E-12,0.006920527,0.006168527,3.98E-34,0.017335898,0.017357963,0.022005176,0.006947313,0.003491128,0.012277202,0.057241719,0.007454232,6.34416E-05,0.003920678,0.024133825,0.011823827,0.003911119,0.013148024,0.11664325,8.86E-64,0.018920308
SBS116,RSB,0.016905977,0.008448995,0.001622867,0.009006166,0.014628663,0.004295417,0.002610953,0.009631907,0.008978789,0.002648812,0.000759629,0.005175881,0.009797907,0.001688644,0.002035954,0.008828049,0.006154968,0.003428854,0.001314554,0.01496,6.35E-07,3.78E-07,0.000170885,1.5399E-05,8.77273E-05,0.001247634,0.000856739,0.004356755,0.00502645,1.76158E-05,0.00143923,0.023960957,0.003335795,0.003063285,1.63941E-05,0.003209521,0.004234901,0.000800503,0.008020096,0.00026745,0.00223414,0.000243261,0.005344776,0.003943816,0.008753437,0.00021464,0.002721794,0.005167683,0.004332931,0.006304613,0.004742551,0.01568784,0.002303322,0.004303316,0.004642255,0.01215007,0.002847865,0.004345863,0.002230067,0.0062311,0.009422178,0.025274333,0.01477305,0.049606571,0.022349291,0.023065786,0.01709442,0.028749735,0.007617569,0.01113769,0.020379001,0.031799206,0.009805545,0.001527312,0.012255782,0.002928725,0.096959479,0.071272281,0.093300707,0.100547481,0.006795888,0.00178599,0.003497483,0.011713511,0.00010757,0.003910688,4.6377E-06,8.65489E-05,2.39471E-06,9.12E-08,5.81019E-06,0.000260618,0.006634597,0.001428877,0.009086991,0.013015488
SBS119,TSB,0.007985837,0.006230848,0.00089064,0.007656538,0.006261584,0.006604704,0.000783545,0.008405462,0.003423892,0.003580234,0.000747251,0.004578264,0.008009001,0.011001054,0.000897731,0.009051185,0.001799018,0.004197241,0.000477746,0.003706365,0.002503647,0.002210554,0.000491987,0.001837264,0.001408004,0.00088935,0.000140095,0.001663137,0.001013595,0.002682661,2.50364E-05,0.003748556,0.008765411,0.017017908,0.003874854,0.019603129,0.013149605,0.006663577,0.000291573,0.007056756,0.005013677,0.004283281,0.013168904,0.003900063,0.008681608,0.013096152,0.004863847,0.014425884,0.00305724,0.001999128,0.002239678,0.002621587,0.001820131,0.002160689,0.003621034,0.006396579,0.001589283,0.000770756,0.001851246,0.002432507,0.001110009,0.0014684,0.002445617,0.00412745,0.096496736,0.06909718,0.031528112,0.051356302,0.018214329,0.043863707,0.011365222,0.017969392,0.086313182,0.063821644,0.056087404,0.057080298,0.026936777,0.037103219,0.002516209,0.008121329,0.000835881,0.001065859,0.000704087,0.003468428,0.000554916,0.001791815,0.001388801,0.006014017,0.00074922,0.000682139,0.001829146,0.000779954,0.000912131,0.001106872,0.00055465,0.001221454
SBS123,TSB,0.019519871,0.01671171,0.002125232,0.009389884,0.006220325,0.00566832,0.001154813,0.005068459,0.009328469,0.004380548,0.000763166,0.003618111,0.011464098,0.010728166,0.001607926,0.014203609,0.007183271,0.006294335,0.002696515,0.006073081,0.004347999,0.003009589,0.001187902,0.002945935,0.001664991,0.00254442,4.15E-16,0.002871833,0.001289303,0.005732423,0.000282645,0.012499802,0.009738866,0.01102749,0.006646598,0.010412835,0.000458829,0.006394351,0.005316581,0.004309346,0.005313072,0.002114136,0.006005139,0.006136906,0.005107016,0.011295327,0.005603344,0.006115006,0.006715695,0.004509047,0.001975613,0.00078333,0.002171856,0.005785072,0.007487681,0.009658219,0.002835829,0.001814851,0.002735023,0.006589637,1.09E-09,0.00176148,0.004289671,0.010098942,0.051336971,0.019093831,0.048160701,0.036929876,0.045625875,0.042309274,0.08020062,0.044673841,0.040877409,0.015165936,0.04450045,0.021567833,0.038795463,0.02156992,0.035487244,0.037771822,6.0457E-06,3.31E-14,0.003065177,1.01E-16,2.20E-11,1.70E-12,0.003575032,0.001871437,0.002174004,0.000587804,0.003127632,0.001823843,0.000857052,0.000541009,0.002377476,0.002142885
SBS124,TSB,0.012329164,0.009582929,0.001530979,0.007693309,0.021138827,0.003195437,0.001489186,0.008629132,0.012457958,0.00665588,0.00227869,0.006358917,0.017189399,0.006312542,0.001081966,0.003768685,0.005824337,0.005729195,0.001070198,0.004753386,0.023370739,0.006512383,0.000483411,0.01132712,0.010669879,0.005362596,0.001912992,0.00441767,0.008793727,0.006672352,0.000771411,0.004056788,0.013480869,0.008255622,0.005241087,0.009038455,0.025285585,0.012272492,0.003373516,0.018452266,0.017032818,0.020471923,0.001493724,0.015043097,0.005138498,0.00936402,0.001358345,0.007007113,0.032804212,0.003029871,0.005287273,0.017098135,0.030150286,0.006274013,0.010186832,0.037495387,0.029903099,0.002724903,0.006834344,0.023257757,0.045612661,0.003472897,0.004845394,0.045916805,0.039089864,0.001097504,0.003390478,0.016276815,0.015213568,0.005518711,0.004162032,0.020654685,0.014388245,0.002406628,0.002983683,0.019837822,0.032726065,0.00140028,0.002290487,0.022519827,0.002505767,0.000152087,0.00153031,0.000655527,0.011583309,0.000922095,0.002611155,0.014697812,0.01001983,0.001081989,0.002606791,0.004484565,0.024009534,0.001383229,0.003080955,0.014093868
SBS127,,0.014726074,0.009511437,0.001268387,0.008755262,0.007783848,0.006798425,0.001073784,0.01254941,0.003967369,0.003896239,0.000743861,0.004286705,0.012336154,0.006759707,0.000975457,0.02051276,0.008073026,0.003840747,0.001202893,0.011772887,0.003295006,0.001992803,0.000525752,0.006072018,0.003364693,0.004900647,0.000273386,0.004377497,0.002281473,0.004120028,0.000347084,0.014000687,0.017905706,0.008024206,0.011806935,0.012466644,0.012507927,0.010360895,0.008725214,0.012709547,0.008041572,0.007416431,0.009115923,0.01058321,0.010020043,0.013978868,0.006194148,0.02124026,0.035543363,0.011504641,0.010503138,0.038139957,0.011581227,0.005670654,0.007023455,0.012347625,0.0105376,0.008241513,0.00450202,0.006440925,0.032668784,0.007835888,0.00712887,0.024191699,0.038942999,0.010041891,0.013682173,0.031523513,0.014336702,0.006714875,0.008250554,0.013440854,0.020347563,0.010780632,0.009609199,0.020875119,0.025500805,0.016085538,0.006982678,0.032928224,0.019410137,0.005588876,0.00515098,0.009735986,0.005694322,0.004281253,0.005190587,0.001362065,0.007038132,0.002373053,0.003143159,0.003981957,0.01165615,0.007628103,0.007076214,0.019301313
SBS136,TSB,0.003871257,0.013291578,1.81E-07,0.00046925,0.003303423,0.011146652,0.004600723,1.15265E-06,0.010294437,0.000584581,0.002718932,0.010992881,0.002003994,0.000115901,5.80466E-06,0.000959205,0.011686287,7.06E-15,4.03E-09,0.003441618,0.005993796,1.99E-07,0.010347544,0.000142061,1.69E-09,0.002681724,7.17E-09,0.017822476,0.006696298,0.003644252,0.002123908,0.000151436,0.000217197,0.026947009,2.33661E-05,0.021684995,0.018601866,0.020153778,0.005356271,0.018381276,0.004960572,0.041703146,0.087676561,0.052316963,0.000143546,0.027305136,0.00058313,0.058329557,2.05329E-06,0.008884034,5.63E-07,0.00026459,0.000915951,0.003789743,9.3345E-06,0.016849145,9.15771E-05,2.41358E-06,0.007414301,0.004076905,0.005463982,1.44E-07,0.004265674,0.027228617,0.000360137,0.012093032,6.95217E-05,2.38E-07,0.004776666,2.36498E-05,0.000398621,0.001914907,8.13418E-05,0.08013019,0.007199205,0.000235222,0.004384938,0.098486199,1.02353E-06,0.007821334,2.28898E-06,0.002201367,0.010522452,0.025241093,0.010494496,3.45353E-06,0.016549493,1.77119E-05,0.005244021,0.013151974,0.015306582,0.065519616,0.000753859,0.002139832,0.000105269,0.022035308